GRA-BOVE-B04I-GENER-003,AGRI SHIELD 4.5KG 260X350X50G
GRA-BOVE-C09D-GENER-001,SULTANA BOVEL 9KG
GRA-BOVE-C09D-GENER-002,AGRI SHIELD 9KG 520X350X50G
GRA-CART-A05F-ALDIS-001,CTN PUNNET ALDI 600*400*90MM GREEN M/VOU OT DF
GRA-CART-A05F-BAMAS-001,CTN PUNNET BAMA BENDIT 6*4*88 M/V WIT OT DF
GRA-CART-A05F-BLACK-001,CTN PUNNET BLACK 6*4*88 KRF M/V OT DF
GRA-CART-A05F-BLACK-003,CTN PUNNET BLACK 85MM 64M  G PLAF LEDGE KRF M/V
GRA-CART-A05F-GREEN-001,CTN PUNNET GREEN 6*4*88 KRF M/V OT DF
GRA-CART-A05F-LIDL0-001,CTN PUNNET LIDL GREEN 6*4*88 KRF M/V OT DF
GRA-CART-A82B-BLACK-001,CTN PUNNET BLACK 6*4*130 M/V COSCO
GRA-CART-A82B-KARST-001,CTN PUNNET  6*4*130 M/V COSCO
GRA-CART-B04I-EDEKA-001,CTN EDEKA 4.5KG B/LOCK SUPERCOOL
GRA-CART-B04I-FVC00-003,CTN FVC 4.5KG BARRENLOCK SUPERCOOL
GRA-CART-B04I-GENER-002,CTN 4.5KG GENERIES GREEN B/LOCK SUPERCOOL
GRA-CART-B04I-GENER-003,CTN BLACK 4.5KG B/LOCK SUPERCOOL
GRA-CART-B04I-GOMEZ-001,CTN  GOMEZ SUPER UNO 4.5KG
GRA-CART-B04I-HYDIX-001,CTN HYDIX 4.5KG B/LOCK SUPERCOOL
GRA-CART-B04I-KARST-002,CTN  4.5KG B/LOCK SUPERCOOL
GRA-CART-B04I-LEDA0-001,CTN LEDA SUPER UNO 4.5KG
GRA-CART-B04I-LIDL0-001,CTN LIDL GREEN 4.5KG B/LOCK SUPERCOOL
GRA-CART-B04I-MIRAG-002,CTN MIRAGE 4.5KG B/LOCK SUPERCOOL
GRA-CART-B04I-NEWVI-003,CTN NEW VISION 4.5KG B/LOCK SUPERCOOL
GRA-CART-B04I-SHARB-001,CTN SHARBATLY 4.5KG
GRA-CART-B04I-SUNFR-001,CTN SUNFARE 4.5KG B/LOCK SUPERCOOL
GRA-CART-C09D-GREEN-001,CTN GRAPE GREEN 9KG M/V OT DF
GRA-CBAG-BLAC-GENER-001,CB GEN BLACK S/LESS 4056
GRA-CBAG-BLAC-REWE0-001,CB REWE BLACK S/LESS 4056
GRA-CBAG-BLAC-REWE0-002,CB REWE BLACK S/LESS PAPER BAG
GRA-CBAG-GENE-EDEKA-002,CB EDEKA WHITE SEEDLESS
GRA-CBAG-GENE-GENER-001,CB CLEAR GENERIC BAG
GRA-CBAG-REDG-GENER-001,CB GEN RED S/LESS 4023
GRA-CBAG-REDG-REWE0-001,CB REWE RED S/LESS 4023
GRA-CBAG-WHIT-REWE0-001,CB REWE WHITE S/LESS 4022
GRA-CBAG-WHIT-ROUND-001,CB GEN WHITE S/LESS 4022 ROUND BOTTOM
GRA-GASV-B04I-GENER-002,GASVEL 4.5KG UVASYS BLOU (356x260)
GRA-GASV-C09D-GENER-002,GASVEL 8.2KG UVASYS BLOU (460x350)
GRA-GASV-C09D-GENER-003,GASVEL 9KG UVASYS BLOU (530x350)
GRA-LBAG-B04I-GENER-003,BAG 4.5KG GENERIES 60x5mm WITH HOLES
GRA-LBAG-C09D-GENER-002,BAG 9KG GENERIES 60X5mm T-OFF
GRA-MAMV-B04I-GENER-001,MAM VELLE 50/50 GEN 4.5KG 300x400MM
GRA-MAMV-C09D-GENER-001,MAM GRAPE 50/50 GENERIES 9KG 600*400
GRA-PCOT-WHIT-GENER-001,POLYCOTE WHITE
GRA-PLET-230M-HOEKE-001,PALET HOEKE 2.3M (4mmx48x48) KRAFT
GRA-PLET-APL1 DEPOS-001,PALET DEPOSITO APL
GRA-PLET-B04I-SECUR-001,SECURING SHEET EURO
GRA-PLET-CORR-DEPOS-001,PALET DEPOSITO CORRUSEAL
GRA-PLET-GENE-BAMAS-001,PALET BAMA NUWE
GRA-PLET-GENE-BANDB-002,GORDBAND PLASTIEK WIT 12MM
GRA-PLET-GENE-BLOUB-001,PALET BLOUBLOK
GRA-PLET-GENE-BRAAM-001,BORAAM 48X48X3X900
GRA-PLET-GENE-CELLO-001,CELLOTAPE
GRA-PLET-GENE-DEPOS-003,PALET DEPOSITO ALGEMEEN
GRA-PLET-GENE-EUROS-001,PALET BEROOK BAMA EURO
GRA-PLET-GENE-GEELB-001,PALET  BEROOK GEELBLOK 9 PLANK
GRA-PLET-GENE-PCAPS-001,PALET CAP EURO
GRA-PLET-GENE-SECUR-004,SECURING SHEET 64 DF OT K0C NUUT2020
GRA-PLET-GENE-SECUR-005,SECURING SHEET  PLATFORM
GRA-PLET-GENE-TERMO-001,TERMOKOPPEL DRADE 1.2M
GRA-PLET-GENE-THERM-003,Thermal Transfer Ribbon 55mmX 700m Black(U55KQ10-700)
GRA-PLET-GENE-THERM-004,THERMAL RIBBON LPA 76X830 BLACK
GRA-PLET-GENE-TOPCA-001,TOP CAPS 150MM
GRA-PLET-GENE-WITBL-001,PALET WITBLOK
GRA-PLET-MPAC-DEPOS-001,PALET DEPOSITO MPACT
GRA-PLET-ZIBO-DEPOS-001,PALET DEPOSITO ZIBO
GRA-PUNN-CL1S-EXPOR-001,PUNNET GEN C/S 500G 80MM B33
GRA-PUNN-CL1S-EXPOR-004,PUNNET GEN C/S 125MM COSCO B29
GRA-PUNN-CL1S-EXPOR-005,PUNNET WW775V HS COSCO
GRA-PUNN-CL1S-WOOLW-002,PUNNET WW ZIBO C/S 86 NEW 20G
GRA-PUNN-CL1S-WOOLW-004,PUNNET WW C/S 1KG T867
GRA-PUNN-CL1S-WOOLW-005,PUNNET WW C/S 1.5KG T91
GRA-PUNN-GENE-TRAYL-001,ABSORB PAD PUNNET BLACK
GRA-PUNN-OPEN-EXPOR-001,PUNNET GEN 500G 75MM O/T-B22
GRA-PUNN-OPEN-EXPOR-003,PUNNET HEATSEAL ILIP 85MM B40
GRA-PUNN-OPEN-EXPOR-004,PUNNET H/S 85MM GEN B31H85
GRA-PUNN-OPEN-EXPOR-006,PUNNET SPG H85 HEATSEAL NON VENTED
GRA-RIFF-B04I-GENER-001,RIFFEL 4.5KG BOVEL 127MM - 58G
GRA-RIFF-C09D-GENER-001,RIFFEL BOVEL 9KG
GRA-STIC-ALDI-GENER-001,PLAKKER PUNNET ALDI NORTH WHITE DIRECT
GRA-STIC-ALDI-GENER-002,PLAKKER PUNNET ALDI NORTH RED DIRECT
GRA-STIC-BLAC-BAMAS-003,PLAKKER PUNNET BAMA BENDIT SABLE DIRECT
GRA-STIC-BLAC-CEVIT-002,PLAKKER PUN CEVITA SABLE CLEAR POLY
GRA-STIC-BLAC-REWE0-001,PLAKKER PUNNET REWE BLACK S/LESS DIRECT
GRA-STIC-FOUT-GENER-003,PLAKKER FOUT 45X15
GRA-STIC-GENE-EDEKA-002,PLAKKER PUNNET EDEKA GUT & GUNSTIG DIRECT
GRA-STIC-GENE-EDEKA-003,PLAKKER PUNNET EDEKA NETTO WHITE DIRECT
GRA-STIC-GENE-EDEKA-004,PLAKKER PUNNET EDEKA NETTO RED DIRECT
GRA-STIC-GENE-GEKLE-001,PLAKKER DOT GEKLEURD
GRA-STIC-GENE-HYDIX-001,PLAKKER PUNNET HYDIX DIRECT
GRA-STIC-GENE-KARST-004,PLAKKER PUNNET  NO 2 DIRECT
GRA-STIC-GENE-KARST-007,PLAKKER PUNNET HORIZON RUSLAND DIRECT
GRA-STIC-GENE-NEWVI-004,PLAKKER PUNNET NEW VISION NO 2 DIRECT
GRA-STIC-GENE-TERMO-001,PLAKKER PALET DURO TERMO KOPPEL
GRA-STIC-GENE-TESCO-001,PLAKKER PUNNET TESCO SUNTRAIL WHITE DIRECT
GRA-STIC-GENE-TESCO-002,PLAKKER PUNNET TESCO SUNTRAIL DARK DIRECT
GRA-STIC-GREE-DOLE0-001,PLAKKER PUNNET DOLE NORDICK WHITE S/LESS DIRECT
GRA-STIC-GREE-ICA00-006,PLAKKER PUNNET ICA GRvNA DRUVOR DIRECT 2017
GRA-STIC-REDG-BAMAS-002,PLAKKER PUNNET BAMA RED STENFRIE DRUER DIRECT
GRA-STIC-REDG-CEVIT-010,PLAKKER PUN CEVITA RED STENFRIE CLEAR POLY
GRA-STIC-REDG-COOPS-001,PLAKKER PUNNET CO-OP RED XTRA NOORWEE DIRECT
GRA-STIC-REDG-COOPS-002,PLAKKER PUNNET CO-OP RED XTRA DENMARK DIRECT
GRA-STIC-REDG-DOLE0-001,PLAKKER PUNNET DOLE NORDICK RED S/LESS DIRECT
GRA-STIC-REDG-FMART-001,PLAKKER PUNNET PASAR FRESHMART RED S/LESS DIRECT
GRA-STIC-REDG-ICA00-005,PLAKKER PUNNET ICA RvDA DIRECT 2017
GRA-STIC-REDG-ICA00-006,PLAKKER PUNNET ICA SABLE DIRECT
GRA-STIC-REDG-PIRKA-003,PLAKKER PUNNET PIRKA RED DIRECT
GRA-STIC-REDG-REWE0-001,PLAKKER PUNNET REWE RED SLESS DIRECT
GRA-STIC-WHIT-BAMAS-003,PLAKKER PUNNET BAMA WHITE STENFRIE DRUER FASTE & SOTE DIRECT
GRA-STIC-WHIT-BAMAS-007,PLAKKER PUNNET BAMA AUTUMN CRISP DIRECT
GRA-STIC-WHIT-BAMAS-008,PLAKKER PUNNET BAMA  COTTON CANDY DIRECT
GRA-STIC-WHIT-CARRE-001,PLAKKER PUNNET CARREFOUR WHITE S/LESS DIRECT
GRA-STIC-WHIT-CEVIT-005,PLAKKER PUN CEVITA WHITE STENFRIE DRUER CLEAR POLY
GRA-STIC-WHIT-CEVIT-006,PLAKKER PUN CEVITA AUTUMN CRISP CLEAR POLY
GRA-STIC-WHIT-CEVIT-007,PLAKKER PUN CEVITA COTTON CANDY CLEAR POLY
GRA-STIC-WHIT-GENER-001,PLAKKER CTN BLANK 80X65MM
GRA-STIC-WHIT-GENER-003,PLAKKER NUWE PALET ID LABEL 4UP
GRA-STIC-WHIT-GENER-004,PLAKKER BLANK 80X130MM
GRA-STIC-WHIT-GENER-005,PLAKKER BLANK 72X101MM
GRA-STIC-WHIT-GENER-007,PLAKKER CTN BLANK 80X65MM P/OFF (CO-OP)
GRA-STIC-WHIT-HARVE-001,PLAKKER PUNNET HARVEST WHITE
GRA-STIC-WHIT-PIRKA-003,PLAKKER PUNNET PIRKA WHITE DIRECT
GRA-STIC-WHIT-REWE0-001,PLAKKER PUNNET REWE WHITE SLESS DIRECT
GRA-ZBAG-BLAC-TESCO-003,ZL TESCO BLACK S/LESS NEW 4056   2016/2017
GRA-ZBAG-GENE-CHINA-001,ZL  CHINA
GRA-ZBAG-GENE-GENER-001,ZL GENERIES CLEAR
GRA-ZBAG-GENE-HYDIX-001,POUCH BAG HYDIX
GRA-ZBAG-GENE-KARST-001,POUCH BAG  PP
GRA-ZBAG-GENE-LOBLO-001,ZL LOBLAW WHITE
GRA-ZBAG-GENE-LOBLO-002,ZL LOBLAW RED
GRA-ZBAG-GENE-SHARB-001,ZL SHARBATLY BAG
GRA-ZBAG-GENE-SUNFR-001,ZL SUNFARE
GRA-ZBAG-GREE-FVC00-1,ZL BAG FVC GREEN
GRA-ZBAG-GREE-FWORL-001,POUCH BAG FRESHWORLD/CANADA WHITE PLU 4022
GRA-ZBAG-GREE-SAFPR-001,POUCH BAG SAFPRO WHITE PLU 4022
GRA-ZBAG-GREE-SAFPR-002,POUCH BAG SAFPRO NEW USA WHITE PLU 4022
GRA-ZBAG-GREE-TESCO-003,ZL TESCO WHITE NEW 4022 2016/2017
GRA-ZBAG-REDG-ASDAS-001,ZL ASDA RED 533
GRA-ZBAG-REDG-FWORL-001,POUCH BAG FRESHWORLD/CANADA RED PLU 4023
GRA-ZBAG-REDG-MARKS-002,ZL M&S RED NEW 127 1826
GRA-ZBAG-REDG-SAFPR-001,POUCH BAG SAFPRO RED PLU 4023
GRA-ZBAG-REDG-SAINS-001,ZL SAINSBURY RED 2424
GRA-ZBAG-REDG-TESCO-003,ZL TESCO RED NEW 4023 2016/2017
GRA-ZBAG-WHIT-MARKS-002,ZL M&S WHITE NEW 127 1826
